web_name,total_points,minutes,games
Pukki,9.333333333333334,87.33333333333333,3.0
Rashford,9.0,86.5,2.0
Jiménez,6.0,72.0,4.0
Firmino,5.333333333333333,81.66666666666667,3.0
Calvert-Lewin,5.25,79.0,4.0
Kane,4.75,90.0,4.0
Aubameyang,4.5,90.0,4.0
Chicharito,4.5,53.0,2.0
Ings,4.0,57.42857142857143,7.0
Vardy,3.75,90.0,4.0
Callum Wilson,3.5,77.75,4.0
Ayew,3.0,79.33333333333333,6.0
Agüero,2.75,53.0,4.0
Obafemi,2.75,29.0,4.0
Deulofeu,2.6,75.4,5.0
