web_name,total_points,minutes,games
Rashford,9.0,86.5,2.0
Pukki,7.5,88.0,4.0
Tosun,7.0,80.0,1.0
Jiménez,6.0,79.71428571428571,7.0
Firmino,5.333333333333333,81.66666666666667,3.0
Kane,4.75,90.0,4.0
Aubameyang,4.5,90.0,4.0
Chicharito,4.5,53.0,2.0
Calvert-Lewin,4.4,81.2,5.0
Ings,3.888888888888889,62.333333333333336,9.0
Callum Wilson,3.5,77.75,4.0
Vardy,3.4,87.8,5.0
Agüero,2.75,53.0,4.0
Ayew,2.7142857142857144,80.85714285714286,7.0
Wood,2.7142857142857144,81.14285714285714,7.0
