web_name,total_points,minutes,games
Iheanacho,11.0,28.0,1.0
Vardy,10.166666666666666,90.0,6.0
Ings,9.0,83.0,2.0
Pukki,8.6,90.0,5.0
Abraham,8.5,82.16666666666667,6.0
Aubameyang,8.4,90.0,5.0
Agüero,7.666666666666667,67.5,6.0
Lacazette,7.0,90.0,2.0
Firmino,6.8,66.6,5.0
Rashford,6.5,88.75,4.0
Kane,6.2,90.0,5.0
Haller,6.0,90.0,5.0
Wesley,5.666666666666667,85.0,3.0
Origi,5.6,43.6,5.0
Wood,5.571428571428571,84.14285714285714,7.0
