web_name,total_points,minutes,games
Deeney,9.333333333333334,90.0,3.0
Agüero,8.5,73.125,8.0
Ings,8.25,85.5,4.0
Samatta,8.0,90.0,1.0
Aubameyang,7.888888888888889,88.55555555555556,9.0
Kane,7.222222222222222,88.22222222222223,9.0
Vardy,7.166666666666667,82.0,12.0
Pukki,6.875,89.25,8.0
Vydra,6.5,40.0,2.0
Rashford,6.375,85.375,8.0
Abraham,6.3,84.2,10.0
Haller,5.875,88.5,8.0
Wickham,5.5,22.5,2.0
Origi,5.25,44.5,8.0
Iheanacho,5.111111111111111,47.0,9.0
