web_name,total_points,minutes,games
Deeney,12.0,90.0,1.0
Vardy,9.875,90.0,8.0
Ings,8.25,85.5,4.0
Aubameyang,7.875,88.375,8.0
Kane,7.875,90.0,8.0
Agüero,7.666666666666667,67.5,6.0
Pukki,7.333333333333333,90.0,6.0
Iheanacho,7.0,54.75,4.0
Abraham,6.875,84.125,8.0
Haller,6.5,88.0,6.0
Rashford,5.571428571428571,89.28571428571429,7.0
Firmino,5.428571428571429,72.85714285714286,7.0
Origi,5.333333333333333,36.666666666666664,6.0
Wood,5.125,82.75,8.0
Ayew,4.5,85.33333333333333,6.0
