web_name,total_points,minutes,games
Vardy,11.11111111111111,90.0,9.0
Iheanacho,10.25,54.25,4.0
Kane,9.875,90.0,8.0
Aubameyang,9.75,90.0,8.0
Ings,9.0,83.0,2.0
Pukki,8.6,90.0,5.0
Agüero,7.666666666666667,67.5,6.0
Lacazette,7.0,90.0,2.0
Rashford,6.5,88.75,4.0
Abraham,6.333333333333333,84.77777777777777,9.0
Haller,6.0,90.0,5.0
Wesley,5.666666666666667,85.0,3.0
Origi,5.6,43.6,5.0
Wood,5.571428571428571,84.14285714285714,7.0
Firmino,5.0,75.375,8.0
