web_name,total_points,minutes,games
Guaita,8.0,90.0,6.0
Fabianski,6.333333333333333,90.0,3.0
Pope,6.142857142857143,90.0,7.0
Ramsdale,6.0,90.0,3.0
Ryan,5.333333333333333,90.0,6.0
Patrício,5.25,90.0,4.0
Foster,4.75,90.0,4.0
Henderson (SHU),4.571428571428571,90.0,7.0
Alisson,4.4,79.6,5.0
Heaton,4.333333333333333,90.0,3.0
