web_name,total_points,minutes,games
Alisson,5.5,83.5,8.0
Fabianski,5.4,90.0,5.0
Guaita,5.142857142857143,90.0,7.0
Martin,5.0,90.0,1.0
Pope,5.0,90.0,10.0
Dubravka,4.75,90.0,4.0
Foster,4.714285714285714,90.0,7.0
Henderson (SHU),4.666666666666667,90.0,9.0
Krul,4.625,90.0,8.0
Leno,4.555555555555555,90.0,9.0
