web_name,minutes,total_points,selected_by_percent
Alisson,90.0,6.0,8.6
McCarthy (SOU),90.0,5.666666666666667,1.2
Fabianski,60.0,4.666666666666667,2.6
Heaton,88.0,4.666666666666667,5.2
Leno,90.0,4.333333333333333,5.2
