web_name,minutes,total_points,selected_by_percent
Guaita,90.0,8.666666666666666,1.8999999999999997
Dubravka,90.0,5.666666666666667,1.2
Martin,90.0,4.333333333333333,1.6000000000000003
Patrício,90.0,3.6666666666666665,11.699999999999998
Foster,90.0,3.3333333333333335,2.0
