web_name,minutes,total_points,selected_by_percent
Pickford,90.0,1.3333333333333333,6.599999999999999
Foster,90.0,1.6666666666666667,4.3
Fabianski,90.0,2.0,2.0
Ryan,90.0,2.0,15.0
Ramsdale,90.0,2.6666666666666665,3.7000000000000006
