web_name,total_points,minutes,games
Guaita,8.0,90.0,6.0
Fabianski,6.333333333333333,90.0,3.0
Pope,6.142857142857143,90.0,7.0
Ramsdale,6.0,90.0,3.0
Ryan,5.333333333333333,90.0,6.0
Patrício,5.25,90.0,4.0
Martin,5.0,90.0,1.0
Foster,4.75,90.0,4.0
Henderson (SHU),4.75,90.0,8.0
Alisson,4.666666666666667,81.33333333333333,6.0
