web_name,minutes,total_points,selected_by_percent
Guaita,90.0,9.0,2.8000000000000003
Ramsdale,90.0,5.166666666666667,4.8999999999999995
Alisson,75.0,5.0,7.6000000000000005
Gazzaniga,90.0,4.333333333333333,4.3999999999999995
Dubravka,90.0,4.166666666666667,1.3
