web_name,minutes,total_points,selected_by_percent
Krul,90.0,0.8333333333333334,2.1999999999999997
Heaton,90.0,1.3333333333333333,5.3
Kepa,90.0,2.0,5.5
Pope,90.0,2.1666666666666665,14.6
Patrício,90.0,2.3333333333333335,11.299999999999999
