web_name,minutes,total_points,selected_by_percent
Pope,90.0,0.6666666666666666,14.6
Heaton,90.0,1.3333333333333333,5.3
Krul,90.0,1.3333333333333333,2.2
Alisson,55.0,1.6666666666666667,7.5
Ederson,90.0,1.6666666666666667,14.699999999999998
