web_name,minutes,total_points,selected_by_percent
Henderson (SHU),90.0,1.6666666666666667,9.2
Krul,90.0,1.6666666666666667,2.1
Ramsdale,90.0,1.6666666666666667,6.099999999999999
Gazzaniga,90.0,2.0,4.3
Kepa,90.0,2.0,5.2
