web_name,total_points,minutes,games
Fabianski,6.333333333333333,90.0,3.0
Pope,6.142857142857143,90.0,7.0
Guaita,6.0,90.0,3.0
Ramsdale,6.0,90.0,3.0
Henderson (SHU),5.75,90.0,4.0
Ryan,5.333333333333333,90.0,6.0
Patrício,5.25,90.0,4.0
Foster,4.75,90.0,4.0
Leno,4.6,90.0,5.0
Dubravka,4.5,90.0,2.0
