player_name,games,goals,key_passes,xG,xA,first_name,second_name,id
Sergio Agüero,12,9,13,8.482087880373001,2.180391475558281,,,210
Sadio Mané,16,9,31,6.828217342495918,4.123321946710348,,,192
Raúl Jiménez,17,6,29,5.899439118802548,4.908503770828247,,,409
Sébastien Haller,16,5,12,5.3594942949712285,0.8365805614739656,,,457
Ayoze Pérez,14,4,9,3.3066465668380265,0.9272204115986824,,,265
Adama Traoré,16,3,18,1.3368436433374882,2.461547086015344,,,417
Nicolás Otamendi,11,2,2,1.8410933390259745,0.0514519764110446,,,208
Federico Fernández,11,2,2,1.2717120498418808,0.2156594842672348,,,254
Fabian Schär,11,1,0,0.7773373462259769,0.0,,,252
Pascal Groß,16,1,42,1.0795022742822766,4.453458223491907,,,49
Ilkay Gündogan,15,1,22,1.706866191700101,1.933272235095501,,,222
Nathan Aké,16,1,5,1.7919721640646458,1.328363016247749,,,59
Abdoulaye Doucouré,17,1,20,2.4824429526925087,1.6319958344101906,,,368
Davy Pröpper,15,1,13,1.572807872667909,1.6124416086822748,,,54
Victor Lindelöf,16,1,3,0.09146951511502266,0.36020353995263577,,,225
Fabián Balbuena,9,1,1,1.1524110734462738,0.4616926908493042,,,382
Onel Hernández,10,1,12,0.6057076063007116,0.565306480973959,,,284
Ørjan Nyland,1,0,0,0.0,0.0,,,27
Pierre-Emile Højbjerg,16,0,20,1.2143495250493288,1.1771889375522733,,,325
Héctor Bellerín,3,0,1,0.03701617196202278,0.13279984891414642,,,2
Mesut Özil,8,0,18,0.8774195946753025,0.8122903406620026,,,15
Adrián,10,0,0,0.0,0.0,,,526
Cheikhou Kouyaté,15,0,6,1.1484675817191599,0.5188312586396933,,,139
Sebastian Prödl,1,0,0,0.057957686483860016,0.0,,,361
José Holebas,11,0,11,0.2385536441579461,0.5429356396198273,,,353
Carlos Sánchez,5,0,0,0.0,0.0,,,397
César Azpilicueta,15,0,23,0.3540400452911854,2.578199476003647,,,105
Cédric Soares,9,0,8,0.4695850405842066,0.5592769384384155,,,486
Georges-Kévin Nkoudou,1,0,0,0.056358423084020615,0.0,,,527
Antonio Rüdiger,2,0,0,0.0942929834127426,0.0,,,104
Martín Montoya,15,0,10,1.4007182605564594,1.0836157938465476,,,38
Emiliano Buendía,17,0,41,1.1883873958140612,3.0896166656166315,,,283
Víctor Camarasa,1,0,0,0.0,0.0,,,510
Gaëtan Bong,4,0,2,0.0,0.11898884922266005,,,41
Davinson Sánchez,13,0,1,0.5543398894369602,0.03628891706466675,,,333
Jürgen Locadia,2,0,0,0.3997017852962017,0.0,,,45
Emile Smith-Rowe,1,0,0,0.0,0.0,,,576
Miguel Almirón,16,0,11,2.5838680732995267,0.4347815196961165,,,266
